STA;INB;UTB;MÅL;SPM;STM;FRM;HÖM;PAS;POÄ;VAR;UTV;OFF;ORS;TIS;ORF;TIF;SKO;SKM;SKS;Team;First name;Last name
26;0;3;6;4;1;0;0;9;15;5;0;5;0;0;29;32;34;23;3;AIK;Celso;Borges
0;0;0;0;0;0;0;0;0;0;0;0;0;0;0;0;0;0;0;0;AIK;Lee;Baxter
22;1;4;2;2;0;0;0;4;6;8;0;1;0;0;46;21;25;6;0;AIK;Ibrahim;Moro
5;7;3;1;1;0;0;0;1;2;0;0;3;0;0;5;12;12;8;0;AIK;Sam;Lundholm
0;0;0;0;0;0;0;0;0;0;0;0;0;0;0;0;0;0;0;0;AIK;Teteh;Bangura
9;5;8;6;4;0;0;0;1;7;1;0;5;0;0;15;7;25;13;0;AIK;Eero;Markkanen
22;1;12;1;1;0;0;0;4;5;4;0;0;0;0;21;14;30;9;0;AIK;Ebenezer;Ofori
4;2;1;0;0;0;0;0;0;0;0;1;0;0;0;6;3;2;1;0;AIK;Sauli;Väisänen
5;1;0;0;0;0;0;0;0;0;1;0;0;0;0;6;16;6;4;0;AIK;Panajotis;Dimitriadis
22;0;0;0;0;0;0;0;0;0;0;0;0;0;0;0;5;0;0;0;AIK;Patrik;Carlgren
1;1;1;0;0;0;0;0;0;0;1;0;0;0;0;1;1;1;0;0;AIK;Lalawele;Atakora
0;4;0;0;0;0;0;0;0;0;0;0;0;0;0;5;1;1;1;0;AIK;Kwame;Karikari
0;0;0;0;0;0;0;0;0;0;0;0;0;0;0;0;0;0;0;0;AIK;Edward;Owusu
27;1;10;12;11;0;0;0;4;16;2;0;21;0;0;24;34;67;43;1;AIK;Henok;Goitom
3;12;1;0;0;0;0;0;0;0;0;0;0;0;0;4;3;2;1;0;AIK;Anton;Salétros
0;9;0;0;0;0;0;0;0;0;0;0;0;0;0;3;2;1;0;0;AIK;Marko;Nikolic
8;2;2;1;1;0;0;0;3;4;1;0;0;0;0;12;9;27;11;0;AIK;Robin;Quaison
4;1;0;1;0;0;0;0;0;1;1;0;0;0;0;4;1;1;1;0;AIK;Noah;Sonko-Sundberg
1;1;1;0;0;0;0;0;0;0;0;0;0;0;0;0;1;0;0;0;AIK;Gabriel;Ferreyra
6;10;6;1;1;0;0;0;0;1;0;0;1;0;0;1;13;9;5;0;AIK;Niclas;Eliasson
26;0;0;0;0;0;0;0;1;1;2;1;0;0;0;18;15;1;0;0;AIK;Per;Karlsson
8;0;0;0;0;0;0;0;0;0;1;0;0;1;0;0;1;0;0;0;AIK;Kyriakos;Stamatopoulos
6;13;5;1;0;0;0;0;2;3;6;0;4;0;0;20;6;10;2;0;AIK;Kenny;Pavey
27;0;0;2;1;0;0;0;3;5;6;0;2;1;0;33;26;13;6;0;AIK;Nils-Eric;Johansson
28;0;8;3;1;0;0;0;2;5;2;0;1;1;0;18;14;14;9;0;AIK;Martin;Lorentzson
26;0;3;14;11;0;1;0;7;21;4;0;4;0;1;36;30;90;49;2;AIK;Nabil;Bahoui
17;9;11;5;5;0;0;0;3;8;0;0;17;0;0;14;30;58;22;2;AIK;Kennedy;Igboananike
27;0;1;3;1;0;0;0;2;5;3;0;0;0;0;26;14;16;6;0;AIK;Alexander;Milosevic
0;0;0;0;0;0;0;0;0;0;0;0;0;0;0;0;0;0;0;0;AIK;Nicklas;Maripuu
25;1;7;7;5;2;0;0;7;14;6;0;2;0;0;38;26;28;15;2;BK Häcken;Martin;Ericsson
23;1;1;1;1;0;0;0;3;4;3;0;1;0;0;25;14;11;6;0;BK Häcken;David;Frölund
1;5;0;0;0;0;0;0;0;0;0;0;1;0;0;2;0;1;0;0;BK Häcken;Fredrik;Björck
30;0;0;0;0;0;0;0;0;0;2;0;0;1;0;0;5;0;0;0;BK Häcken;Christoffer;Källqvist
0;1;0;0;0;0;0;0;0;0;0;0;0;0;0;0;0;0;0;0;BK Häcken;Hosam;Aiesh
11;10;7;3;3;0;0;0;3;6;1;0;0;0;0;9;15;11;6;0;BK Häcken;Samuel;Gustafson
26;2;6;10;10;0;0;0;5;15;7;0;5;0;0;28;49;67;34;3;BK Häcken;Simon;Gustafson
4;15;3;6;5;0;0;0;5;11;0;0;11;0;0;9;8;26;14;2;BK Häcken;Carlos;Strandberg
8;9;7;3;3;0;0;0;1;4;1;0;11;0;0;15;15;25;16;1;BK Häcken;Alexander;Jeremejeff
0;0;0;0;0;0;0;0;0;0;0;0;0;0;0;0;0;0;0;0;BK Häcken;Sula;Matovu
16;8;8;8;8;0;0;0;3;11;1;0;9;0;1;10;21;32;12;1;BK Häcken;Nasiru;Mohammed
0;2;0;0;0;0;0;0;0;0;0;0;0;0;0;0;0;0;0;0;BK Häcken;Sebastian;Ohlsson
0;0;0;0;0;0;0;0;0;0;0;0;0;0;0;0;0;0;0;0;BK Häcken;Egzon;Binak
24;1;5;1;1;0;0;0;5;6;0;0;1;0;0;25;17;10;3;0;BK Häcken;Kari;Arkivuo
0;1;0;0;0;0;0;0;0;0;1;0;0;0;0;1;0;0;0;0;BK Häcken;Ronald;Mukiibi
27;0;5;0;0;0;0;0;2;2;6;0;2;0;0;44;26;17;2;1;BK Häcken;Oscar;Lewicki
13;6;0;0;0;0;0;0;1;1;3;1;1;0;0;13;7;3;3;0;BK Häcken;Leonard;Zuta
9;1;8;7;7;0;0;0;1;8;4;0;12;0;1;12;15;23;13;0;BK Häcken;Moestafa;El-Kabir
0;1;0;0;0;0;0;0;0;0;0;0;0;0;0;0;0;0;0;0;BK Häcken;Augustine;Okrah
13;2;0;0;0;0;0;0;0;0;1;0;0;0;0;7;4;0;0;0;BK Häcken;Simon;Sandberg
0;0;0;0;0;0;0;0;0;0;0;0;0;0;0;0;0;0;0;0;BK Häcken;Richard;Donkor
14;11;7;3;3;0;0;0;2;5;1;0;8;0;0;9;8;23;12;1;BK Häcken;Björn;Anklev
24;2;8;7;5;0;0;0;1;8;3;0;15;0;0;24;13;36;23;0;BK Häcken;René;Makondele
9;4;8;2;2;0;0;0;3;5;0;0;4;0;0;6;7;17;8;1;BK Häcken;Gunnar;Thorvaldsson
20;0;1;0;0;0;0;0;0;0;2;0;0;1;0;16;17;6;1;1;BK Häcken;Emil;Wahlström
26;0;2;0;0;0;0;0;1;1;3;1;1;0;0;13;8;13;4;0;BK Häcken;Walid;Atta
0;0;0;0;0;0;0;0;0;0;0;0;0;0;0;0;0;0;0;0;BK Häcken;Peter;Abrahamsson
7;6;6;0;0;0;0;0;2;2;1;0;0;0;0;19;4;2;0;0;BK Häcken;Ivo;Pekalski
11;2;0;9;6;2;0;0;1;10;2;0;6;0;1;12;11;49;23;1;Djurgårdens IF;Erton;Fejzullahu
13;0;0;0;0;0;0;0;0;0;1;0;0;0;0;7;8;8;2;0;Djurgårdens IF;Fredrik;Stenman
3;1;1;0;0;0;0;0;0;0;1;0;0;1;0;3;0;2;1;0;Djurgårdens IF;Mattias;Östberg
14;7;6;1;1;0;0;0;1;2;1;0;0;0;0;19;9;13;6;0;Djurgårdens IF;Andreas;Johansson
0;0;0;0;0;0;0;0;0;0;0;0;0;0;0;0;0;0;0;0;Djurgårdens IF;Eric;Dahlgren
30;0;0;0;0;0;0;0;0;0;0;0;0;0;0;0;4;0;0;0;Djurgårdens IF;Kenneth;Høie
0;0;0;0;0;0;0;0;0;0;0;0;0;0;0;0;0;0;0;0;Djurgårdens IF;Tim;Söderström
11;0;1;0;0;0;0;0;0;0;2;0;0;0;0;8;8;5;1;0;Djurgårdens IF;Daniel;Amartey
14;0;1;0;0;0;0;0;0;0;1;0;0;0;0;13;8;4;2;0;Djurgårdens IF;Vytautas;Andriuskevicius
0;0;0;0;0;0;0;0;0;0;0;0;0;0;0;0;0;0;0;0;Djurgårdens IF;Frej;Engberg
0;0;0;0;0;0;0;0;0;0;0;0;0;0;0;0;0;0;0;0;Djurgårdens IF;Jakob;Glasberg
2;13;1;1;1;0;0;0;2;3;1;0;0;0;0;3;7;8;5;0;Djurgårdens IF;Mark;Mayambela
9;8;4;5;4;0;0;0;1;6;0;0;12;0;0;18;8;33;12;1;Djurgårdens IF;Aleksandar;Prijovic
0;6;0;0;0;0;0;0;0;0;1;0;0;0;0;2;0;1;1;0;Djurgårdens IF;Christian;Sivodedov
11;2;5;6;3;0;0;0;0;6;1;0;6;0;0;11;12;37;21;1;Djurgårdens IF;Sebastian;Andersson
5;5;2;0;0;0;0;0;0;0;1;1;0;0;0;12;7;5;1;0;Djurgårdens IF;Yussif;Chibsah
26;0;5;2;1;0;1;0;0;2;3;2;1;0;0;23;20;32;14;0;Djurgårdens IF;Alexander;Faltsetas
21;6;16;4;4;0;0;0;3;7;1;0;2;0;0;30;21;37;14;1;Djurgårdens IF;Martin;Broberg
30;0;2;0;0;0;0;0;9;9;1;0;1;0;0;22;19;4;2;0;Djurgårdens IF;Stefan;Karlsson
30;0;0;2;0;0;0;1;1;3;0;0;0;0;0;5;9;18;9;1;Djurgårdens IF;Emil;Bergström
0;0;0;0;0;0;0;0;0;0;0;0;0;0;0;0;0;0;0;0;Djurgårdens IF;Philip;Sparrdal-Mantilla
30;0;2;1;1;0;0;0;4;5;1;0;2;0;0;13;44;46;21;1;Djurgårdens IF;Simon;Tibbling
0;0;0;0;0;0;0;0;0;0;0;0;0;0;0;0;0;0;0;0;Djurgårdens IF;Xolani;Mdaki
19;1;3;1;0;0;1;0;1;2;5;0;0;0;0;14;19;10;3;1;Djurgårdens IF;Jesper;Arvidsson
21;3;7;6;5;0;0;0;6;12;2;0;2;0;0;25;31;55;25;0;Djurgårdens IF;Haris;Radetinac
0;0;0;0;0;0;0;0;0;0;0;0;0;0;0;0;0;0;0;0;Djurgårdens IF;Hampus;Nilsson
27;2;13;6;5;0;0;0;3;9;0;0;28;0;2;34;72;41;25;0;Djurgårdens IF;Amadou;Jawo
3;15;2;2;1;0;0;0;0;2;0;0;1;0;0;6;3;9;6;0;Djurgårdens IF;Philip;Hellquist
29;1;6;5;4;1;0;0;5;10;2;0;0;0;0;28;24;41;17;1;Falkenbergs FF;Anton;Wede
27;3;18;7;4;1;0;0;2;9;0;0;12;0;0;25;28;35;21;0;Falkenbergs FF;Stefan;Rodevåg
11;5;8;4;4;0;0;0;0;4;4;0;13;0;0;11;7;24;11;2;Falkenbergs FF;Godsway;Donyoh
0;0;0;0;0;0;0;0;0;0;0;0;0;0;0;0;0;0;0;0;Falkenbergs FF;Johan;Marting
0;0;0;0;0;0;0;0;0;0;0;0;0;0;0;0;0;0;0;0;Falkenbergs FF;Hampus;Svensson
3;4;1;0;0;0;0;0;0;0;0;0;3;0;0;8;10;3;0;0;Falkenbergs FF;Andrés;Thorleifsson
3;19;3;4;4;0;0;0;0;4;1;0;6;0;0;12;6;13;11;0;Falkenbergs FF;Johannes;Vall
0;0;0;0;0;0;0;0;0;0;0;0;0;0;0;0;0;0;0;0;Falkenbergs FF;Matteo;Blomqvist-Zampi
27;2;6;1;0;0;1;0;5;6;2;1;7;0;1;15;41;44;15;2;Falkenbergs FF;Carl;Wede
25;2;1;0;0;0;0;0;1;1;2;0;0;0;0;11;16;2;2;0;Falkenbergs FF;Rasmus;Sjöstedt
0;13;0;2;2;0;0;0;1;3;0;0;2;0;0;1;6;4;3;0;Falkenbergs FF;Carl-Oskar;Andersson
27;0;0;2;1;0;0;0;0;2;7;0;1;1;0;27;14;12;3;0;Falkenbergs FF;Tobias;Karlsson
0;0;0;0;0;0;0;0;0;0;0;0;0;0;0;0;0;0;0;0;Falkenbergs FF;Zlatan;Krizanovic
27;0;0;0;0;0;0;0;4;4;0;0;1;0;0;7;16;11;8;0;Falkenbergs FF;Adam;Eriksson
0;5;0;1;1;0;0;0;0;1;0;0;0;0;0;2;2;1;1;0;Falkenbergs FF;Gustaf;Nilsson
7;4;4;0;0;0;0;0;2;2;1;0;5;0;0;9;4;10;6;0;Falkenbergs FF;Halldor;Björnsson
0;0;0;0;0;0;0;0;0;0;0;0;0;0;0;0;0;0;0;0;Falkenbergs FF;Junaid;Sait
0;0;0;0;0;0;0;0;0;0;0;0;0;0;0;0;0;0;0;0;Falkenbergs FF;Arben;Ajdarevic
0;1;0;0;0;0;0;0;0;0;0;0;0;0;0;0;0;0;0;0;Falkenbergs FF;Rasmus;Andersson
0;0;0;0;0;0;0;0;0;0;0;0;0;0;0;0;0;0;0;0;Falkenbergs FF;Felix;Johansson
6;4;0;0;0;0;0;0;0;0;0;0;0;0;0;5;5;3;0;0;Falkenbergs FF;Per;Karlsson
30;0;0;0;0;0;0;0;0;0;0;0;0;0;0;0;6;0;0;0;Falkenbergs FF;Otto;Martler
0;0;0;0;0;0;0;0;0;0;0;0;0;0;0;0;0;0;0;0;Falkenbergs FF;Johan;Brattberg
20;6;3;4;1;0;0;0;0;4;5;0;3;0;0;29;18;35;14;1;Falkenbergs FF;Daniel;Keat
14;1;11;5;3;0;0;0;2;7;0;0;9;0;1;10;22;19;11;0;Falkenbergs FF;Patrik;Ingelsten
23;3;7;1;1;0;0;0;0;1;5;0;2;0;0;40;25;12;4;1;Falkenbergs FF;David;Svensson
0;0;0;0;0;0;0;0;0;0;0;0;0;0;0;0;0;0;0;0;Falkenbergs FF;Rasmus;Rydén
16;5;10;0;0;0;0;0;2;2;3;0;6;0;0;19;34;9;2;1;Falkenbergs FF;Christoffer;Carlsson
30;0;0;1;0;0;0;0;0;1;1;0;0;1;0;13;16;9;2;0;Falkenbergs FF;Daniel;Johansson
0;0;0;0;0;0;0;0;0;0;0;0;0;0;0;0;0;0;0;0;Falkenbergs FF;Johan;Svahn
19;5;4;5;1;2;0;0;1;6;1;0;3;0;0;9;24;20;9;0;IFK Göteborg;May;Mahlangu
18;0;5;2;1;1;0;0;5;7;2;0;1;0;0;18;26;23;6;0;IFK Göteborg;Sam;Larsson
19;0;0;0;0;0;0;0;0;0;1;0;0;0;0;0;8;0;0;0;IFK Göteborg;John;Alvbåge
15;1;1;0;0;0;0;0;2;2;3;0;1;1;0;13;19;2;1;0;IFK Göteborg;Adam;Johansson
19;0;1;1;0;0;0;0;0;1;2;2;0;0;0;26;3;9;7;0;IFK Göteborg;Kjetil;Wæhler
0;1;0;0;0;0;0;0;0;0;0;0;0;0;0;1;1;0;0;0;IFK Göteborg;Karl;Bohm
13;7;9;8;7;0;0;0;2;10;0;0;3;0;1;18;18;25;18;1;IFK Göteborg;Gustav;Engvall
2;6;1;0;0;0;0;0;2;2;0;0;0;0;0;4;2;5;1;0;IFK Göteborg;Daniel;Sobralense
5;16;4;0;0;0;0;0;0;0;0;0;1;0;0;3;6;2;0;0;IFK Göteborg;Joel;Allansson
28;0;0;1;1;0;0;0;3;4;3;0;1;0;1;17;33;16;9;0;IFK Göteborg;Ludwig;Augustinsson
0;3;0;1;1;0;0;0;0;1;0;0;0;0;0;0;0;2;1;0;IFK Göteborg;Darijan;Bojanic
0;2;0;0;0;0;0;0;0;0;0;0;0;0;0;1;0;1;0;0;IFK Göteborg;Hampus;Zackrisson
6;5;5;1;1;0;0;0;0;1;1;0;9;0;0;6;7;16;6;1;IFK Göteborg;Malick;Mané
0;0;0;0;0;0;0;0;0;0;0;0;0;0;0;0;0;0;0;0;IFK Göteborg;Jonathan;Azulay
0;0;0;0;0;0;0;0;0;0;0;0;0;0;0;0;0;0;0;0;IFK Göteborg;Patrick;Dyrestam
25;1;10;23;21;0;0;0;6;29;2;0;16;0;0;25;40;95;60;1;IFK Göteborg;Lasse;Vibe
11;1;6;2;2;0;0;0;2;4;0;0;2;0;0;13;11;21;6;1;IFK Göteborg;Søren;Rieks
0;5;0;2;2;0;0;0;0;2;0;0;1;0;0;0;0;4;3;0;IFK Göteborg;Kenneth;Zohore
0;0;0;0;0;0;0;0;0;0;0;0;0;0;0;0;0;0;0;0;IFK Göteborg;Sulejmen;Sarajlic
0;3;0;0;0;0;0;0;0;0;0;0;0;0;0;0;0;1;0;0;IFK Göteborg;Diego;Calvo
8;1;0;0;0;0;0;0;0;0;0;0;0;0;0;3;4;1;1;0;IFK Göteborg;Hjalmar;Jonsson
17;5;13;2;2;0;0;0;4;6;3;0;2;1;0;13;3;8;6;0;IFK Göteborg;Martin;Smedberg-Dalence
30;0;0;0;0;0;0;0;0;0;2;0;2;1;0;22;16;4;1;0;IFK Göteborg;Mattias;Bjärsmyr
17;7;5;0;0;0;0;0;0;0;3;1;0;0;0;18;18;9;2;0;IFK Göteborg;Gustav;Svensson
3;4;1;0;0;0;0;0;1;1;1;0;0;0;0;5;6;4;1;0;IFK Göteborg;Philip;Haglund
27;0;3;4;4;0;0;0;4;8;3;0;0;0;1;37;37;36;18;2;IFK Göteborg;Jakob;Johansson
22;2;3;3;3;0;0;0;9;12;0;0;5;0;0;12;12;28;12;1;IFK Göteborg;Emil;Salomonsson
11;0;0;0;0;0;0;0;0;0;1;0;0;0;0;0;1;0;0;0;IFK Göteborg;Marcus;Sandberg
15;4;8;2;1;0;0;0;3;5;2;0;3;0;1;25;23;34;19;0;IFK Göteborg;Robin;Söder
29;0;3;6;4;2;0;0;8;14;3;0;0;0;0;13;39;40;16;0;Gefle IF;Simon;Lundevall
21;5;14;8;3;2;0;0;4;12;2;0;14;0;1;46;26;53;29;3;Gefle IF;Johan;Oremo
7;3;1;1;1;0;0;0;0;1;2;0;0;0;0;9;10;1;1;0;Gefle IF;Skúli;Fridgeirsson
0;3;0;0;0;0;0;0;0;0;0;0;0;0;0;0;0;0;0;0;Gefle IF;Erik;Olsson
0;3;0;0;0;0;0;0;0;0;0;0;0;0;0;0;0;0;0;0;Gefle IF;Oscar;Karlsson
2;14;2;1;1;0;0;0;0;1;0;0;1;0;1;8;11;7;5;0;Gefle IF;Dardan;Mustafa
0;0;0;0;0;0;0;0;0;0;0;0;0;0;0;0;0;0;0;0;Gefle IF;Sive;Pekezela
0;0;0;0;0;0;0;0;0;0;0;0;0;0;0;0;0;0;0;0;Gefle IF;Jacob;Hjelte
26;0;1;0;0;0;0;0;0;0;1;0;0;0;0;0;6;0;0;0;Gefle IF;Emil;Hedvall
29;0;1;1;1;0;0;0;4;5;5;0;0;0;0;21;13;7;3;0;Gefle IF;Jens;Portin
10;1;2;0;0;0;0;0;1;1;0;0;0;0;0;6;5;1;0;0;Gefle IF;Jonas;Olsson
0;0;0;0;0;0;0;0;0;0;0;0;0;0;0;0;0;0;0;0;Gefle IF;Zakaria;Abdullai
0;0;0;0;0;0;0;0;0;0;0;0;0;0;0;0;0;0;0;0;Gefle IF;Oskar;Larsson
2;12;2;1;1;0;0;0;2;3;0;0;2;0;0;5;2;3;2;0;Gefle IF;Emil;Bellander
22;5;16;5;3;0;0;0;2;7;2;0;32;0;1;45;19;32;18;0;Gefle IF;Dioh;Williams
19;0;4;0;0;0;0;0;0;0;3;0;0;0;0;15;12;3;0;1;Gefle IF;Anders;Wikström
27;3;3;0;0;0;0;0;0;0;1;0;0;0;0;26;31;4;1;0;Gefle IF;Robin;Nilsson
27;1;3;3;1;0;0;0;0;3;2;0;5;0;1;22;46;36;19;0;Gefle IF;Jonas;Lantto
4;1;0;0;0;0;0;0;0;0;0;0;0;0;0;0;1;0;0;0;Gefle IF;Sasa;Sjanic
1;10;1;2;1;0;0;0;0;2;0;0;1;0;0;5;0;5;3;1;Gefle IF;Johan;Bertilsson
29;0;8;4;3;0;0;0;0;4;2;0;2;0;0;40;20;19;9;1;Gefle IF;Marcus;Hansson
20;5;4;2;2;0;0;0;1;3;2;0;0;0;0;19;18;19;10;0;Gefle IF;Anders;Bååth
21;3;3;0;0;0;0;0;1;1;1;0;1;1;0;12;16;3;2;0;Gefle IF;Jesper;Florén
5;0;1;0;0;0;0;0;0;0;0;0;0;0;0;3;1;1;0;0;Gefle IF;Olof;Mård
29;0;0;0;0;0;0;0;0;0;1;0;0;0;0;15;22;2;0;0;Gefle IF;David;Fällman
23;2;4;17;15;2;0;0;4;21;3;0;31;0;2;32;50;73;40;0;Helsingborgs IF;David;Accam
21;3;7;1;0;0;1;0;3;4;0;0;3;0;0;11;13;17;10;0;Helsingborgs IF;Christoffer;Andersson
18;6;10;4;4;0;0;0;3;7;2;0;9;0;0;20;18;27;10;2;Helsingborgs IF;Mattias;Lindström
0;0;0;0;0;0;0;0;0;0;0;0;0;0;0;0;0;0;0;0;Helsingborgs IF;Daniel;Andersson
4;5;4;1;1;0;0;0;1;2;1;0;0;0;0;4;3;7;4;0;Helsingborgs IF;Elias;Andersson
0;2;0;0;0;0;0;0;0;0;1;0;0;0;0;1;0;0;0;0;Helsingborgs IF;Måns;Ekvall
1;0;0;0;0;0;0;0;0;0;0;0;0;0;0;0;1;0;0;0;Helsingborgs IF;Gustav;Jarl
9;3;2;0;0;0;0;0;0;0;1;1;0;2;0;7;9;4;1;1;Helsingborgs IF;Calle;Johansson
3;9;2;0;0;0;0;0;0;0;0;0;1;0;0;5;3;7;2;0;Helsingborgs IF;Emmanuel;Boateng
0;6;0;0;0;0;0;0;0;0;0;0;1;0;0;0;5;4;0;0;Helsingborgs IF;Anton;Kinnander
17;9;11;3;3;0;0;0;1;4;5;0;8;0;0;21;18;30;12;1;Helsingborgs IF;Arnór;Smárason
10;1;10;2;2;0;0;0;0;2;0;0;0;0;0;5;6;9;2;0;Helsingborgs IF;Darijan;Bojanic
4;0;0;0;0;0;0;0;2;2;1;0;0;0;0;7;9;4;1;1;Helsingborgs IF;Markus;Holgersson
13;0;1;0;0;0;0;0;0;0;2;0;1;0;0;21;23;4;2;0;Helsingborgs IF;Ardian;Gashi
12;0;1;1;1;0;0;0;2;3;2;0;1;0;0;17;16;17;9;2;Helsingborgs IF;Abdulrahman;Khalili
5;10;4;0;0;0;0;0;4;4;0;0;3;0;0;6;5;7;2;0;Helsingborgs IF;Álvaro;Santos
11;0;1;1;1;0;0;0;0;1;3;0;0;1;0;14;13;5;2;0;Helsingborgs IF;Loret;Sadiku
2;0;0;0;0;0;0;0;0;0;0;0;0;0;0;0;0;0;0;0;Helsingborgs IF;Andreas;Linde
2;1;0;0;0;0;0;0;0;0;0;0;0;0;0;2;2;0;0;0;Helsingborgs IF;David;Svensson
28;0;3;1;1;0;0;0;1;2;3;0;3;0;0;26;28;11;7;0;Helsingborgs IF;Emil;Krafth
23;1;1;0;0;0;0;0;3;3;3;0;0;1;0;17;22;11;3;0;Helsingborgs IF;Jere;Uronen
15;2;0;0;0;0;0;0;0;0;1;0;1;0;0;7;12;0;0;0;Helsingborgs IF;Jesper;Björkman
7;4;7;0;0;0;0;0;0;0;0;0;6;0;0;15;6;5;3;0;Helsingborgs IF;Robin;Simovic
5;2;2;0;0;0;0;0;0;0;1;0;0;0;0;4;3;2;0;0;Helsingborgs IF;Alexander;Achinioti-Jönsson
0;0;0;0;0;0;0;0;0;0;0;0;0;0;0;0;0;0;0;0;Helsingborgs IF;Fredrik;Widlund
11;1;0;2;1;0;0;0;1;3;4;0;0;0;0;21;5;11;6;0;Helsingborgs IF;Victor;Pálsson
0;9;0;0;0;0;0;0;1;1;0;0;1;0;0;3;2;2;2;0;Helsingborgs IF;Jordan;Larsson
29;0;3;0;0;0;0;0;1;1;5;0;0;0;0;27;8;9;2;2;Helsingborgs IF;Peter;Larsson
16;0;3;7;5;0;0;0;1;8;2;0;10;0;0;25;31;23;15;0;Helsingborgs IF;Mikael;Dahlberg
28;0;0;0;0;0;0;0;0;0;0;0;0;0;0;0;5;0;0;0;Helsingborgs IF;Pär;Hansson
0;0;0;0;0;0;0;0;0;0;0;0;0;0;0;0;0;0;0;0;Helsingborgs IF;Andreas;Landgren
0;1;0;1;0;0;0;0;0;1;0;0;0;0;0;0;0;1;1;0;Helsingborgs IF;Daniel;Nordmark
13;0;1;0;0;0;0;0;1;1;5;0;0;0;0;27;15;3;1;0;Helsingborgs IF;Johan;Mårtensson
11;6;4;4;2;1;0;0;0;4;0;0;8;0;1;6;10;34;22;1;IF Elfsborg;Lasse;Nilsson
30;0;0;8;6;1;1;0;6;14;1;0;5;0;0;12;15;56;27;3;IF Elfsborg;Johan;Larsson
9;1;1;0;0;0;0;0;1;1;2;0;0;0;0;9;8;4;2;0;IF Elfsborg;Jon;Jönsson
17;2;3;1;1;0;0;0;1;2;0;1;0;0;0;12;14;5;2;0;IF Elfsborg;Daniel;Mobaeck
23;2;3;2;1;0;0;0;2;4;4;0;2;0;0;27;31;29;7;2;IF Elfsborg;Anders;Svensson
14;4;3;0;0;0;0;0;0;0;2;0;0;0;0;16;16;2;2;0;IF Elfsborg;Andreas;Klarström
24;0;5;0;0;0;0;0;0;0;2;0;1;0;0;25;8;12;3;0;IF Elfsborg;Henning;Hauger
13;7;1;1;0;0;1;0;1;2;1;0;0;0;0;15;14;8;3;0;IF Elfsborg;Adam;Lundqvist
0;4;0;0;0;0;0;0;0;0;0;0;0;0;0;1;0;0;0;0;IF Elfsborg;Anton;Andreasson
11;8;7;2;1;0;1;0;1;3;6;0;3;0;0;7;11;24;10;0;IF Elfsborg;Mikkel;Beckmann
0;0;0;0;0;0;0;0;0;0;0;0;0;0;0;0;0;0;0;0;IF Elfsborg;Liridon;Gashi
0;0;0;0;0;0;0;0;0;0;0;0;0;0;0;0;0;0;0;0;IF Elfsborg;Victor;Rotting
5;11;3;1;1;0;0;0;1;2;0;0;4;0;0;1;6;17;10;0;IF Elfsborg;Arber;Zeneli
0;0;0;0;0;0;0;0;0;0;0;0;0;0;0;0;0;0;0;0;IF Elfsborg;David;Olsson
8;2;0;0;0;0;0;0;0;0;2;0;0;0;0;11;10;3;1;0;IF Elfsborg;Anton;Lans
23;3;6;5;5;0;0;0;4;9;4;0;4;0;0;36;25;35;17;1;IF Elfsborg;Viktor;Claesson
25;3;5;5;4;0;0;0;1;6;2;1;9;0;0;37;45;49;23;3;IF Elfsborg;Marcus;Rohdén
28;0;1;0;0;0;0;0;0;0;1;0;0;1;0;0;6;0;0;0;IF Elfsborg;Kevin;Stuhr-Ellegaard
26;1;3;1;0;0;0;0;0;1;1;0;0;0;0;19;15;11;5;0;IF Elfsborg;Sebastian;Holmén
11;12;9;1;1;0;0;0;2;3;5;0;1;0;0;36;22;19;7;1;IF Elfsborg;Per;Frick
19;8;14;1;1;0;0;0;2;3;3;0;10;0;2;12;14;18;13;0;IF Elfsborg;Simon;Hedlund
2;1;0;0;0;0;0;0;0;0;0;0;0;0;0;0;0;0;0;0;IF Elfsborg;Abbas;Hassan
22;5;11;6;3;0;0;0;3;9;1;0;18;0;0;24;18;38;18;0;IF Elfsborg;Viktor;Prodell
9;1;2;0;0;0;0;0;1;1;1;0;2;0;0;12;15;8;5;1;IF Elfsborg;Niklas;Hult
1;4;0;0;0;0;0;0;0;0;0;0;0;0;0;4;0;2;1;0;Kalmar FF;Filip;Sachpekidis
8;1;3;0;0;0;0;0;0;0;1;0;0;0;0;7;2;2;1;0;Kalmar FF;Sebastian;Ramhorn
21;1;0;0;0;0;0;0;0;0;0;0;0;0;0;0;7;0;0;0;Kalmar FF;Lars;Cramer
14;2;3;1;1;0;0;0;0;1;3;0;0;0;0;19;9;7;1;0;Kalmar FF;Nenad;Djordjevic
0;0;0;0;0;0;0;0;0;0;0;0;0;0;0;0;0;0;0;0;Kalmar FF;Archford;Gutu
0;0;0;0;0;0;0;0;0;0;0;0;0;0;0;0;0;0;0;0;Kalmar FF;Bjørnar;Holmvik
15;4;7;1;0;0;0;0;1;2;4;1;1;0;0;27;22;10;5;0;Kalmar FF;Tor;Hovda
17;2;5;0;0;0;0;0;1;1;3;0;2;0;0;39;16;18;6;2;Kalmar FF;Ismael;Silva
26;0;1;2;1;0;0;0;2;4;2;0;2;0;0;23;26;14;5;0;Kalmar FF;Mats;Solheim
0;1;0;0;0;0;0;0;0;0;0;0;0;0;0;0;0;0;0;0;Kalmar FF;Johan;Ramhorn
0;0;0;0;0;0;0;0;0;0;0;0;0;0;0;0;0;0;0;0;Kalmar FF;Oscar;Johansson
0;0;0;0;0;0;0;0;0;0;0;0;0;0;0;0;0;0;0;0;Kalmar FF;Giga;Chkheidze
0;0;0;0;0;0;0;0;0;0;0;0;0;0;0;0;0;0;0;0;Kalmar FF;Herman;Sillerström
0;1;0;0;0;0;0;0;0;0;0;0;0;0;0;0;0;0;0;0;Kalmar FF;Peter;Westberg
1;0;0;0;0;0;0;0;0;0;0;0;0;0;0;0;1;0;0;0;Kalmar FF;John;Håkansson
0;0;0;0;0;0;0;0;0;0;0;0;0;0;0;0;0;0;0;0;Kalmar FF;Oskar;Engström
0;0;0;0;0;0;0;0;0;0;0;0;0;0;0;0;0;0;0;0;Kalmar FF;Herman;Hallberg
16;10;7;1;1;0;0;0;0;1;2;0;2;1;0;27;48;19;5;0;Kalmar FF;Romario;Pereira-Sipiao
24;3;15;10;9;0;0;0;2;12;0;0;18;0;1;16;13;42;31;2;Kalmar FF;Måns;Söderqvist
6;6;3;2;2;0;0;0;1;3;2;0;3;0;0;14;12;12;7;0;Kalmar FF;Sebastian;Andersson
21;2;15;1;1;0;0;0;8;9;4;0;2;0;0;17;23;25;13;2;Kalmar FF;Jonathan;Ring
15;9;5;4;4;0;0;0;0;4;2;0;9;0;0;20;18;34;16;0;Kalmar FF;Papa;Diouf
12;2;2;1;0;0;1;0;1;2;4;0;1;0;0;21;16;21;10;0;Kalmar FF;Melker;Hallberg
0;4;0;0;0;0;0;0;0;0;0;0;1;0;0;1;0;1;0;0;Kalmar FF;Melvin;Platje
26;3;2;3;2;0;0;0;7;10;1;0;1;0;0;16;29;28;10;2;Kalmar FF;Tobias;Eriksson
19;0;1;1;1;0;0;0;1;2;2;1;0;0;0;14;16;3;1;0;Kalmar FF;Emin;Nouri
15;6;0;6;3;0;0;0;1;7;4;0;9;0;0;40;37;43;26;1;Kalmar FF;David;Elm
2;0;0;0;0;0;0;0;0;0;0;0;0;0;0;1;0;1;0;0;Kalmar FF;Stefan;Larsson
25;0;2;0;0;0;0;0;0;0;0;0;0;0;0;11;14;5;1;0;Kalmar FF;Markus;Thorbjörnsson
0;0;0;0;0;0;0;0;0;0;0;0;0;0;0;0;0;0;0;0;Kalmar FF;Daniel;Mendes
25;0;1;1;0;0;0;0;2;3;7;1;1;0;0;39;27;9;2;0;Kalmar FF;Marcus;Nilsson
8;0;1;0;0;0;0;0;0;0;1;1;0;1;0;0;4;0;0;0;Kalmar FF;Ole;Söderberg
2;9;1;0;0;0;0;0;0;0;2;0;4;0;0;3;9;4;1;0;Kalmar FF;César;Santin
8;7;4;2;1;0;0;0;0;2;0;0;10;0;0;10;9;15;8;0;Kalmar FF;Pär;Ericsson
3;3;2;0;0;0;0;0;0;0;0;0;0;0;0;8;4;1;1;0;Kalmar FF;Ludvig;Öhman
25;3;5;15;10;1;0;0;14;29;8;0;31;0;0;36;37;85;44;2;Malmö FF;Markus;Rosenberg
10;1;4;8;7;1;0;0;3;11;1;0;8;0;0;8;13;27;18;1;Malmö FF;Guillermo;Molins
7;1;2;0;0;0;0;0;0;0;1;0;0;0;0;5;5;0;0;0;Malmö FF;Matias;Concha
6;15;5;3;2;0;0;0;1;4;1;0;3;0;1;6;8;22;10;1;Malmö FF;Pawel;Cibicki
0;0;0;0;0;0;0;0;0;0;0;0;0;0;0;0;0;0;0;0;Malmö FF;Sixten;Mohlin
0;0;0;0;0;0;0;0;0;0;0;0;0;0;0;0;0;0;0;0;Malmö FF;Petar;Petrovic
14;1;1;0;0;0;0;0;1;1;1;0;0;0;0;20;7;3;2;0;Malmö FF;Enock;Adu
9;2;1;0;0;0;0;0;0;0;0;0;0;0;0;8;5;1;0;0;Malmö FF;Pa;Konate
9;5;6;5;4;0;0;0;1;6;0;0;11;0;0;13;9;22;11;0;Malmö FF;Isaac;Kiese-Thelin
14;0;1;1;1;0;0;0;1;2;3;0;3;0;0;8;23;8;3;1;Malmö FF;Anton;Tinnerholm
0;0;0;0;0;0;0;0;0;0;0;0;0;0;0;0;0;0;0;0;Malmö FF;Jasmin;Sudic
21;5;3;1;0;0;0;0;2;3;5;0;0;0;0;29;32;6;2;0;Malmö FF;Markus;Halsti
26;3;13;14;13;0;1;0;6;20;3;0;21;0;0;25;26;77;36;2;Malmö FF;Emil;Forsberg
7;2;0;1;1;0;0;0;0;1;3;1;0;0;0;8;1;3;2;0;Malmö FF;Pontus;Jansson
22;1;1;0;0;0;0;0;1;1;4;0;2;0;0;16;21;6;4;0;Malmö FF;Ricardo;Ferreira
10;4;2;2;2;0;0;0;0;2;1;0;0;0;0;8;17;16;9;0;Malmö FF;Simon;Thern
0;0;0;0;0;0;0;0;0;0;0;0;0;0;0;0;0;0;0;0;Malmö FF;Tobias;Malm
9;10;6;0;0;0;0;0;4;4;1;0;4;0;0;8;10;23;12;0;Malmö FF;Simon;Kroon
0;0;0;0;0;0;0;0;0;0;0;0;0;0;0;0;0;0;0;0;Malmö FF;Alexander;Blomqvist
27;1;2;1;0;0;0;0;0;1;0;0;0;1;0;22;22;11;4;0;Malmö FF;Filip;Helander
5;5;2;0;0;0;0;0;1;1;0;0;1;0;0;8;12;4;1;0;Malmö FF;Amin;Nazari
1;0;0;0;0;0;0;0;0;0;0;0;0;0;0;1;0;2;1;0;Malmö FF;Mahmut;Özen
7;8;5;0;0;0;0;0;2;2;0;0;1;0;0;12;8;4;0;0;Malmö FF;Erdal;Rakip
5;2;1;0;0;0;0;0;0;0;1;1;0;0;0;7;3;3;0;0;Malmö FF;Johan;Hammar
1;1;1;0;0;0;0;0;0;0;0;0;0;0;0;2;0;1;0;0;Malmö FF;Piotr;Johansson
0;0;0;0;0;0;0;0;0;0;0;0;0;0;0;0;0;0;0;0;Malmö FF;Victor;Wernersson
1;1;0;0;0;0;0;0;0;0;0;0;0;0;0;0;0;0;0;0;Malmö FF;Zlatan;Azinovic
23;2;1;0;0;0;0;0;0;0;3;0;0;0;0;23;22;6;0;0;Malmö FF;Erik;Johansson
9;0;1;0;0;0;0;0;2;2;0;0;1;0;0;5;7;4;0;0;Malmö FF;Miiko;Albornoz
29;0;1;0;0;0;0;0;0;0;3;0;0;0;0;0;2;0;0;0;Malmö FF;Robin;Olsen
28;2;12;5;5;0;0;0;7;12;2;0;16;0;1;46;73;61;31;3;Malmö FF;Magnus;Eriksson
5;5;4;2;1;0;0;0;0;2;2;0;4;0;0;6;4;11;5;1;Malmö FF;Agon;Mehmeti
22;8;15;4;2;1;0;0;1;5;2;0;16;0;0;25;24;33;23;0;IFK Norrköping;Christoffer;Nyman
6;13;3;3;1;1;1;0;0;3;3;0;0;0;0;8;10;11;8;0;IFK Norrköping;Lars;Krogh-Gerson
0;0;0;0;0;0;0;0;0;0;0;0;0;0;0;0;0;0;0;0;IFK Norrköping;Mathias;Florén
29;0;0;0;0;0;0;0;2;2;4;0;1;0;1;44;32;9;3;0;IFK Norrköping;Andreas;Johansson
0;0;0;0;0;0;0;0;0;0;0;0;0;0;0;0;0;0;0;0;IFK Norrköping;Gentrit;Citaku
19;7;4;2;2;0;0;0;2;4;2;0;0;0;0;19;16;22;13;0;IFK Norrköping;Alexander;Fransson
9;0;0;0;0;0;0;0;0;0;1;0;1;0;0;8;5;1;0;0;IFK Norrköping;Morten;Skjønsberg
0;0;0;0;0;0;0;0;0;0;0;0;0;0;0;0;0;0;0;0;IFK Norrköping;Siim;Luts
20;1;6;1;0;0;1;0;0;1;1;0;1;1;0;25;18;17;8;0;IFK Norrköping;Christopher;Meneses
17;1;0;2;1;0;0;0;0;2;5;0;0;0;0;10;10;2;2;0;IFK Norrköping;Edvard;Skagestad
14;4;10;3;3;0;0;0;5;8;0;0;2;0;0;4;16;24;12;3;IFK Norrköping;Arnor;Traustason
0;2;0;0;0;0;0;0;0;0;0;0;0;0;0;1;0;0;0;0;IFK Norrköping;Filip;Dagerstål
3;0;1;0;0;0;0;0;0;0;1;0;0;0;0;5;1;2;0;0;IFK Norrköping;Andreas;Hadenius
9;3;2;0;0;0;0;0;2;2;0;0;4;0;0;15;16;19;6;1;IFK Norrköping;Isaac;Kiese-Thelin
12;8;3;0;0;0;0;0;1;1;4;0;2;1;0;4;8;15;6;1;IFK Norrköping;Nikola;Tkalcic
18;8;10;10;5;0;0;0;3;13;6;1;27;0;0;42;24;56;27;1;IFK Norrköping;Alhaji;Kamara
20;4;3;0;0;0;0;0;2;2;4;0;0;0;0;23;9;9;3;2;IFK Norrköping;Linus;Wahlqvist
0;0;0;0;0;0;0;0;0;0;0;0;0;0;0;0;0;0;0;0;IFK Norrköping;Edvard;Setterberg
0;2;0;0;0;0;0;0;0;0;0;0;0;0;0;0;0;0;0;0;IFK Norrköping;Mirza;Halvadzic
8;0;0;0;0;0;0;0;0;0;0;0;0;0;0;0;2;0;0;0;IFK Norrköping;Marcus;Sahlman
1;0;0;0;0;0;0;0;0;0;0;0;0;0;0;0;0;0;0;0;IFK Norrköping;Andreas;Lindberg
19;3;0;1;0;0;0;0;0;1;2;1;0;0;0;23;9;8;5;0;IFK Norrköping;Marcus;Falk-Olander
15;3;0;0;0;0;0;0;0;0;3;0;1;0;0;15;7;5;1;0;IFK Norrköping;David;Boo-Wiklander
3;5;3;0;0;0;0;0;0;0;0;0;1;0;0;4;2;3;2;0;IFK Norrköping;James;Frempong
23;1;8;2;2;0;0;0;3;5;3;0;2;1;0;28;50;21;7;2;IFK Norrköping;Rawez;Lawan
17;2;4;10;9;0;0;0;2;12;0;1;17;0;0;14;14;51;33;2;IFK Norrköping;Emir;Kujovic
25;3;6;0;0;0;0;0;4;4;1;0;6;0;1;23;18;27;13;0;IFK Norrköping;Christopher;Telo
0;0;0;0;0;0;0;0;0;0;0;0;0;0;0;0;0;0;0;0;IFK Norrköping;Armin;Tankovic
21;0;0;0;0;0;0;0;0;0;0;0;0;0;0;0;3;0;0;0;IFK Norrköping;David;Mitov-Nilsson
14;5;8;14;11;2;0;0;1;15;4;0;29;0;2;24;15;50;32;0;Örebro SK;Alhassan;Kamara
0;0;0;0;0;0;0;0;0;0;0;0;0;0;0;0;0;0;0;0;Örebro SK;Carl;Ekstrand
5;2;2;0;0;0;0;0;0;0;2;0;0;0;0;6;1;3;2;0;Örebro SK;Samuel;Mensah
7;11;1;0;0;0;0;0;0;0;4;0;0;2;0;15;2;4;3;0;Örebro SK;Ayanda;Nkili
0;1;0;0;0;0;0;0;0;0;0;0;0;0;0;0;0;1;0;0;Örebro SK;Boris;Lumbana
7;14;6;5;4;0;0;0;2;7;0;0;3;0;0;7;8;26;16;0;Örebro SK;Karl;Holmberg
26;3;5;2;2;0;0;0;5;7;3;0;7;0;0;45;49;58;22;1;Örebro SK;Ahmed;Yasin
18;2;5;2;2;0;0;0;1;3;3;0;1;0;0;15;35;26;10;0;Örebro SK;Mohammed;Saeid
0;0;0;0;0;0;0;0;0;0;0;0;0;0;0;0;0;0;0;0;Örebro SK;Anton;Westerlund
2;3;1;0;0;0;0;0;0;0;1;0;0;0;0;2;0;2;1;0;Örebro SK;Ilir;Berisha
9;2;0;0;0;0;0;0;0;0;0;0;0;0;0;0;3;0;0;0;Örebro SK;Jacob;Rinne
3;7;2;1;1;0;0;0;0;1;1;0;0;0;0;2;1;3;2;0;Örebro SK;Daniel;Nordmark
10;1;2;3;2;0;0;0;6;9;2;0;5;0;0;12;4;11;6;0;Örebro SK;Daniel;Sobralense
0;0;0;0;0;0;0;0;0;0;0;0;0;0;0;0;0;0;0;0;Örebro SK;Filip;Albertsson
21;0;2;0;0;0;0;0;0;0;1;0;0;0;0;0;2;0;0;0;Örebro SK;Oscar;Jansson
0;3;0;0;0;0;0;0;0;0;0;0;0;0;0;0;0;0;0;0;Örebro SK;Christer;Lipovac
0;0;0;0;0;0;0;0;0;0;0;0;0;0;0;0;0;0;0;0;Örebro SK;Lukman;Murad
0;0;0;0;0;0;0;0;0;0;0;0;0;0;0;0;0;0;0;0;Örebro SK;Sebastian;Ring
29;0;5;0;0;0;0;0;0;0;0;0;2;0;0;26;16;8;5;0;Örebro SK;Daniel;Björnkvist
26;1;2;0;0;0;0;0;0;0;1;0;0;0;0;6;6;6;1;1;Örebro SK;Magnus;Wikström
28;0;1;2;1;0;0;0;3;5;8;0;2;0;0;38;18;23;13;0;Örebro SK;Patrik;Haginge
0;0;0;0;0;0;0;0;0;0;0;0;0;0;0;0;0;0;0;0;Örebro SK;Ludwig;Bergström
17;2;3;1;0;0;0;0;4;5;5;0;1;0;0;36;27;15;7;1;Örebro SK;Robert;Åhman-Persson
20;6;18;10;9;0;0;0;4;14;2;0;6;0;0;16;15;35;21;0;Örebro SK;Marcus;Pode
28;0;3;2;1;0;1;0;7;9;3;0;3;2;0;40;49;32;10;1;Örebro SK;Nordin;Gerzic
12;1;0;5;2;0;0;0;0;5;0;0;9;0;0;28;20;28;13;0;Örebro SK;Shpetim;Hasani
4;6;0;0;0;0;0;0;1;1;1;0;1;0;0;6;6;4;4;0;Örebro SK;Christoffer;Wiktorsson
0;0;0;0;0;0;0;0;0;0;0;0;0;0;0;0;0;0;0;0;Örebro SK;Emil;Berger
25;0;1;2;1;0;0;0;0;2;1;0;0;1;0;13;15;9;5;0;Örebro SK;Erik;Moberg
0;0;0;0;0;0;0;0;0;0;0;0;0;0;0;0;0;0;0;0;Örebro SK;William;Atashkadeh
19;10;13;4;4;0;0;0;2;6;1;0;2;0;0;8;6;38;24;2;Örebro SK;Daniel;Gustavsson
